{
  "HTML Req cde" : {
    "transaction" : "HTML Req cde",
    "sampleCount" : 3,
    "errorCount" : 0,
    "errorPct" : 0.0,
    "meanResTime" : 249.33333333333334,
    "medianResTime" : 246.0,
    "minResTime" : 244.0,
    "maxResTime" : 258.0,
    "pct1ResTime" : 258.0,
    "pct2ResTime" : 258.0,
    "pct3ResTime" : 258.0,
    "throughput" : 0.48115477145148355,
    "receivedKBytesPerSec" : 17.382655874097836,
    "sentKBytesPerSec" : 0.06437324578989574
  },
  "HTML Req bcd" : {
    "transaction" : "HTML Req bcd",
    "sampleCount" : 3,
    "errorCount" : 0,
    "errorPct" : 0.0,
    "meanResTime" : 262.0,
    "medianResTime" : 252.0,
    "minResTime" : 249.0,
    "maxResTime" : 285.0,
    "pct1ResTime" : 285.0,
    "pct2ResTime" : 285.0,
    "pct3ResTime" : 285.0,
    "throughput" : 0.4775549188156638,
    "receivedKBytesPerSec" : 17.252604166666668,
    "sentKBytesPerSec" : 0.06389162488061127
  },
  "HTML Req abc" : {
    "transaction" : "HTML Req abc",
    "sampleCount" : 4,
    "errorCount" : 1,
    "errorPct" : 25.0,
    "meanResTime" : 285.0,
    "medianResTime" : 267.0,
    "minResTime" : 262.0,
    "maxResTime" : 344.0,
    "pct1ResTime" : 344.0,
    "pct2ResTime" : 344.0,
    "pct3ResTime" : 344.0,
    "throughput" : 0.4417448923246825,
    "receivedKBytesPerSec" : 15.958897018221977,
    "sentKBytesPerSec" : 0.05910063500828272
  },
  "Total" : {
    "transaction" : "Total",
    "sampleCount" : 10,
    "errorCount" : 1,
    "errorPct" : 10.0,
    "meanResTime" : 267.4,
    "medianResTime" : 260.0,
    "minResTime" : 244.0,
    "maxResTime" : 344.0,
    "pct1ResTime" : 338.1,
    "pct2ResTime" : 344.0,
    "pct3ResTime" : 344.0,
    "throughput" : 1.1043622308117063,
    "receivedKBytesPerSec" : 39.897242545554946,
    "sentKBytesPerSec" : 0.1477515875207068
  }
}